{"cameraMode":{"drawMode":0,"name":"Shaded","section":"Shading Mode"},"sceneLighting":false,"audioPlay":false,"sceneViewState":{"m_AlwaysRefresh":false,"showFog":true,"showSkybox":false,"showFlares":true,"showImageEffects":true,"showParticleSystems":true,"showVisualEffectGraphs":true,"m_FxEnabled":true},"in2DMode":false,"pivot":{"x":8.848126411437989,"y":2.2649998664855959,"z":0.3574399948120117},"rotation":{"x":0.26321107149124148,"y":0.08091793954372406,"z":-0.02216438762843609,"w":0.9611048102378845},"size":2.799811363220215,"orthographic":false}